insert into interest_category (id, name)
values (1, '예술/문화'),
       (2, '음식'),
       (3, '자기계발'),
       (4, '스포츠'),
       (5, '운동/액티비티'),
       (6, '학문/교육'),
       (7, '사회'),
       (8, '경제'),
       (9, '게임'),
       (10, 'IT/기계');

insert into interest (id, category_id, name)
values (1, 1, '음악'),
       (2, 1, '미술'),
       (3, 1, '댄스'),
       (4, 1, '무용'),
       (5, 1, '전시회'),
       (6, 1, '영화'),
       (7, 1, '공연'),
       (8, 1, '뮤지컬'),
       (9, 1, '오페라'),
       (10, 1, '연극'),
       (11, 1, '코미디'),
       (12, 2, '요리'),
       (13, 2, '맛집'),
       (14, 2, '커피'),
       (15, 2, '술'),
       (16, 2, '와인'),
       (17, 2, '위스키'),
       (18, 2, '칵테일'),
       (19, 3, '독서'),
       (20, 3, '강연'),
       (21, 4, '축구'),
       (22, 4, '농구'),
       (23, 4, '야구'),
       (24, 4, '테니스'),
       (25, 4, '골프'),
       (26, 4, '축구'),
       (27, 4, '복싱'),
       (28, 4, '주짓수'),
       (29, 4, '태권도'),
       (30, 4, '유도'),
       (31, 4, '격투기'),
       (32, 4, '배구'),
       (33, 4, '하키'),
       (34, 5, '헬스'),
       (35, 5, '필라테스'),
       (36, 5, '요가'),
       (37, 5, '크로스핏'),
       (38, 5, '스키'),
       (39, 5, '스노우보드'),
       (40, 5, '자전거'),
       (41, 5, '스쿠버다이빙'),
       (42, 5, '서핑'),
       (43, 5, '클라이밍'),
       (44, 1, '여행');

insert into suggestion (id, receiver_id, suggested_user_id, like_id, created_at)
values (1,1, 2, 1, '2023-01-01-00:00:00'),
       (2, 1, 3, 2, '2023-01-01-00:00:00'),
       (3, 1, 8, 3, '2023-01-01-00:00:00'),
       (4, 2, 3, 4, '2023-01-01-00:00:00'),
       (5, 2, 9, 5, '2023-01-01-00:00:00'),
       (6, 2, 13, -1, '2023-01-01-00:00:00'),
       (7, 3, 1, 6, '2023-01-01-00:00:00'),
       (8, 3, 6, -1, '2023-01-01-00:00:00'),
       (9, 3, 16, -1, '2023-01-01-00:00:00'),
       (10,4, 6, 7, '2023-01-01-00:00:00'),
       (11, 4, 11, 8, '2023-01-01-00:00:00'),
       (12, 4, 12, -1, '2023-01-01-00:00:00'),
       (13, 4, 17, -1, '2023-01-01-00:00:00'),
       (14, 5, 11, 9, '2023-01-01-00:00:00'),
       (15, 5, 8, 10, '2023-01-01-00:00:00'),
       (16, 5, 15, -1, '2023-01-01-00:00:00'),
       (17, 6, 4, 11, '2023-01-01-00:00:00'),
       (18, 6, 8, -1, '2023-01-01-00:00:00'),
       (19, 6, 14, 12, '2023-01-01-00:00:00'),
       (20, 7, 1, 13, '2023-01-01-00:00:00'),
       (21, 7, 3, -1, '2023-01-01-00:00:00'),
       (22, 7, 7, -1, '2023-01-01-00:00:00'),
       (23, 7, 13, 14, '2023-01-01-00:00:00'),
       (24, 7, 15, 15, '2023-01-01-00:00:00'),
       (25, 8, 9, -1, '2023-01-01-00:00:00'),
       (26, 8, 15, 16, '2023-01-01-00:00:00'),
       (27, 8, 19, 17, '2023-01-01-00:00:00'),
       (28, 9, 15, 18, '2023-01-01-00:00:00'),
       (29, 9, 3, -1, '2023-01-01-00:00:00'),
       (30, 9, 7, -1, '2023-01-01-00:00:00'),
       (31, 10, 4, 19, '2023-01-01-00:00:00'),
       (32, 10, 8, -1,'2023-01-01-00:00:00');

insert into reaction (id, name)
values (0, ''),
       (1, '좋아요'),
       (2, '하트'),
       (3, '슬픔'),
       (4, '화남'),
       (5, '혼란'),
       (6, '놀람'),
       (7, '웃김');

insert int report_categories (id, name)
values  (1, '도용/사칭'),
        (2, '금전요구/투자종용'),
        (3, '폭력/언어폭력'),
        (4, '성희롱/성폭력'),
        (5, '기타');

insert into report (category_id, reporter_id, target_user_id, reason, createdAt, cancelled)
values  (1, 1, 3, 4, '지가 차은우래여.', '2023-01-01-00:00:00', false),
        (2, 2, 8, 7, '계속 잡코인 홍보해요.', '2023-01-01-00:00:00', false),
        (3, 3, 7, 10, '시발을 입에 달고 사네요.', '2023-01-01-00:00:00', false),
        (4, 4, 18, 15, '성적 수치심을 일으켰어요.', '2023-01-01-00:00:00', false);
