insert into tinder_user (id, name, sex, birthdate, biography, pref_sex, pref_age_min, pref_age_max, last_online)
values  ('b485491e-04ec-4e5b-ae52-cafeaf4bb6d7', 'user 1', 'M', '1996-01-01', 'bio 1', 'F', 18, 25, '2023-01-11 00:00:00'),
        ('1b577bb9-8640-4b5f-86b8-f7393b417c63', 'user 2', 'M', '1997-01-02', 'bio 2', 'F', 19, 23, '2023-02-21 00:00:00'),
        ('526d13ed-8e68-4d82-ab37-b42043d8aa62', 'user 3', 'F', '2000-01-23', 'bio 3', 'M', 20, 24, '2023-02-04 00:00:00'),
        ('6ac74653-a042-4d92-910d-d31c316d6c0d', 'user 4', 'M', '1997-02-04', 'bio 4', 'F', 19, 24, '2023-01-05 00:00:00'),
        ('1ce4678d-f770-44a0-82be-d17123ed86f5', 'user 5', 'X', '2000-02-15', 'bio 5', 'F', 21, 27, '2023-02-14 00:00:00'),
        ('165156b8-5f06-4293-b7ef-5f22e4a980ab', 'user 6', 'M', '1996-01-06', 'bio 6', 'M', 20, 24, '2023-03-12 00:00:00'),
        ('11d9b0c3-272e-4f60-8268-5565840cb0a5', 'user 7', 'X', '2000-04-17', 'bio 7', 'F', 18, 25, '2023-03-11 00:00:00'),
        ('c15240e5-9d66-43b3-a2c9-e6d6d8e298b4', 'user 8', 'M', '1997-04-08', 'bio 8', 'M', 20, 26, '2023-01-10 00:00:00'),
        ('9f68ba92-77a4-447c-8966-c2535152fbea', 'user 9', 'M', '2001-01-09', 'bio 9', 'X', 21, 26, '2023-03-01 00:00:00'),
        ('c120026c-6e80-410b-a4a8-343b5a453b9a', 'user 10', 'M', '1999-08-10', 'bio 10', 'F', 23, 25, '2023-04-19 00:00:00'),
        ('d3773579-a4bd-45bc-baaf-147a1dca550e', 'user 11', 'M', '2000-01-01', 'bio 11', 'F', 18, 25, '2023-01-11 00:00:00'),
        ('7cba0bce-92da-47cd-b2ab-4207a7892473', 'user 12', 'M', '1996-01-02', 'bio 12', 'F', 19, 23, '2023-02-21 00:00:00'),
        ('208f46a7-fbe6-4e9b-98d3-c7217d6909d8', 'user 13', 'F', '1999-01-13', 'bio 13', 'M', 20, 24, '2023-02-04 00:00:00'),
        ('57fe251b-b974-4b5b-8df4-93f9646220bf', 'user 14', 'M', '2000-02-04', 'bio 14', 'F', 19, 24, '2023-01-05 00:00:00'),
        ('bdcce710-68c0-432c-94c3-8ed357d4ad6e', 'user 15', 'X', '1997-02-25', 'bio 15', 'F', 21, 27, '2023-02-14 00:00:00'),
        ('9454b64d-02cf-431b-8d01-e95c61dad27f', 'user 16', 'F', '1999-01-06', 'bio 16', 'X', 20, 24, '2023-03-12 00:00:00'),
        ('700e7d0d-f4d4-4df8-89d3-bd672da3e7c5', 'user 17', 'X', '2000-04-07', 'bio 17', 'F', 18, 25, '2023-03-11 00:00:00'),
        ('3f331c9a-c6e9-4f78-bdb5-c06cc6b4d8e3', 'user 18', 'M', '1996-04-28', 'bio 18', 'M', 20, 26, '2023-01-10 00:00:00'),
        ('c9c1da80-c08a-42fc-b67f-ddbbc08ce04b', 'user 19', 'M', '2001-01-09', 'bio 19', 'X', 21, 26, '2023-03-01 00:00:00'),
        ('aa952636-5d58-44c7-a758-64160fb714d5', 'user 20', 'M', '2000-08-10', 'bio 20', 'F', 23, 25, '2023-04-19 00:00:00');

insert into interest_category (id, name)
values (1, '예술/문화'),
       (2, '음식'),
       (3, '자기계발'),
       (4, '스포츠'),
       (5, '운동/액티비티'),
       (6, '학문/교육'),
       (7, '사회'),
       (8, '경제'),
       (9, '게임'),
       (10, 'IT/기계');

insert into interest (id, category_id, name)
values (1, 1, '음악'),
       (2, 1, '미술'),
       (3, 1, '댄스'),
       (4, 1, '무용'),
       (5, 1, '전시회'),
       (6, 1, '영화'),
       (7, 1, '공연'),
       (8, 1, '뮤지컬'),
       (9, 1, '오페라'),
       (10, 1, '연극'),
       (11, 1, '코미디'),
       (12, 2, '요리'),
       (13, 2, '맛집'),
       (14, 2, '커피'),
       (15, 2, '술'),
       (16, 2, '와인'),
       (17, 2, '위스키'),
       (18, 2, '칵테일'),
       (19, 3, '독서'),
       (20, 3, '강연'),
       (21, 4, '축구'),
       (22, 4, '농구'),
       (23, 4, '야구'),
       (24, 4, '테니스'),
       (25, 4, '골프'),
       (26, 4, '축구'),
       (27, 4, '복싱'),
       (28, 4, '주짓수'),
       (29, 4, '태권도'),
       (30, 4, '유도'),
       (31, 4, '격투기'),
       (32, 4, '배구'),
       (33, 4, '하키'),
       (34, 5, '헬스'),
       (35, 5, '필라테스'),
       (36, 5, '요가'),
       (37, 5, '크로스핏'),
       (38, 5, '스키'),
       (39, 5, '스노우보드'),
       (40, 5, '자전거'),
       (41, 5, '스쿠버다이빙'),
       (42, 5, '서핑'),
       (43, 5, '클라이밍'),
       (44, 1, '여행');